Attribute,Units,ID,Threshold Flow (l/s),Minimum Volume (m3),Network,Run,Sim,Start of Spill (mins),Start of Spill (absolute),End of Spill (mins),End of Spill (absolute),Spill Duration (mins),Peak Flow (l/s),Time of peak (mins),Time of peak (absolute),Spill Volume (m3),Pass forward link,Initial pass forward flow,Minimum pass forward flow,Maximum pass forward flow,Sim ID
DS flow,l/s,Storm Tank 0201.2,0.1,0,Great_Orton_2020 (version 40),Gr_Orton_2024_FFU_MU_Baseflow_RTC_GIM_5ha,Model Updates_Phase 2 596791 - Thursby_M_E_1992-2025,,09/12/2023 17:35,,09/12/2023 20:44,165.2,4.56,,09/12/2023 17:37,17.59,,,,,-19870
DS flow,l/s,Storm Tank 0201.2,0.1,0,Great_Orton_2020 (version 40),Gr_Orton_2024_FFU_MU_Baseflow_RTC_GIM_5ha,Model Updates_Phase 2 596791 - Thursby_M_E_1992-2025,,10/12/2023 18:41,,10/12/2023 22:33,191.3,10.69,,10/12/2023 21:28,42.95,,,,,-19870
DS flow,l/s,Storm Tank 0201.2,0.1,0,Great_Orton_2020 (version 40),Gr_Orton_2024_FFU_MU_Baseflow_RTC_GIM_5ha,Model Updates_Phase 2 596791 - Thursby_M_E_1992-2025,,24/12/2023 09:02,,24/12/2023 14:25,162.1,4.36,,24/12/2023 13:58,14.88,,,,,-19870
DS flow,l/s,Storm Tank 0201.2,0.1,0,Great_Orton_2020 (version 40),Gr_Orton_2024_FFU_MU_Baseflow_RTC_GIM_5ha,Model Updates_Phase 2 596791 - Thursby_M_E_1992-2025,,17/10/2024 00:04,,17/10/2024 19:32,625.6,8.15,,17/10/2024 00:04,22.46,,,,,-19870
DS flow,l/s,Storm Tank 0201.2,0.1,0,Great_Orton_2020 (version 40),Gr_Orton_2024_FFU_MU_Baseflow_RTC_GIM_5ha,Model Updates_Phase 2 596791 - Thursby_M_E_1992-2025,,18/10/2024 08:15,,19/10/2024 00:04,182.2,8.1,,18/10/2024 21:37,25.89,,,,,-19870
DS flow,l/s,Storm Tank 0201.2,0.1,0,Great_Orton_2020 (version 40),Gr_Orton_2024_FFU_MU_Baseflow_RTC_GIM_5ha,Model Updates_Phase 2 596791 - Thursby_M_E_1992-2025,,19/10/2024 00:04,,19/10/2024 00:21,17.6,1.37,,19/10/2024 00:04,0.68,,,,,-19870
DS flow,l/s,Storm Tank 0201.2,0.1,0,Great_Orton_2020 (version 40),Gr_Orton_2024_FFU_MU_Baseflow_RTC_GIM_5ha,Model Updates_Phase 2 596791 - Thursby_M_E_1992-2025,,20/10/2024 07:20,,20/10/2024 22:57,141.6,1.97,,20/10/2024 09:10,5.44,,,,,-19870
DS flow,l/s,Storm Tank 0201.2,0.1,0,Great_Orton_2020 (version 40),Gr_Orton_2024_FFU_MU_Baseflow_RTC_GIM_5ha,Model Updates_Phase 2 596791 - Thursby_M_E_1992-2025,,21/10/2024 06:07,,21/10/2024 06:24,16.8,1.52,,21/10/2024 06:13,0.8,,,,,-19870
DS flow,l/s,Storm Tank 0201.2,0.1,0,Great_Orton_2020 (version 40),Gr_Orton_2024_FFU_MU_Baseflow_RTC_GIM_5ha,Model Updates_Phase 2 596791 - Thursby_M_E_1992-2025,,22/10/2024 01:50,,22/10/2024 02:15,25.6,0.81,,22/10/2024 02:08,0.68,,,,,-19870
DS flow,l/s,Storm Tank 0201.2,0.1,0,Great_Orton_2020 (version 40),Gr_Orton_2024_FFU_MU_Baseflow_RTC_GIM_5ha,Model Updates_Phase 2 596791 - Thursby_M_E_1992-2025,,28/10/2024 02:53,,28/10/2024 10:39,315,7.97,,28/10/2024 02:57,26.9,,,,,-19870
DS flow,l/s,Storm Tank 0201.2,0.1,0,Great_Orton_2020 (version 40),Gr_Orton_2024_FFU_MU_Baseflow_RTC_GIM_5ha,Model Updates_Phase 2 596791 - Thursby_M_E_1992-2025,,28/10/2024 21:52,,28/10/2024 22:16,23.3,1.7,,28/10/2024 21:58,1.04,,,,,-19870
DS flow,l/s,Storm Tank 0201.2,0.1,0,Great_Orton_2020 (version 40),Gr_Orton_2024_FFU_MU_Baseflow_RTC_GIM_5ha,Model Updates_Phase 2 596791 - Thursby_M_E_1992-2025,,23/11/2024 09:18,,23/11/2024 14:23,183.5,6.04,,23/11/2024 11:32,25.4,,,,,-19870
DS flow,l/s,Storm Tank 0201.2,0.1,0,Great_Orton_2020 (version 40),Gr_Orton_2024_FFU_MU_Baseflow_RTC_GIM_5ha,Model Updates_Phase 2 596791 - Thursby_M_E_1992-2025,,23/11/2024 23:43,,24/11/2024 06:49,206.3,4.83,,24/11/2024 04:45,17.09,,,,,-19870
DS flow,l/s,Storm Tank 0201.2,0.1,0,Great_Orton_2020 (version 40),Gr_Orton_2024_FFU_MU_Baseflow_RTC_GIM_5ha,Model Updates_Phase 2 596791 - Thursby_M_E_1992-2025,,27/12/2023 06:06,,27/12/2023 17:23,456.3,5.81,,27/12/2023 16:27,36.8,,,,,-19870
DS flow,l/s,Storm Tank 0201.2,0.1,0,Great_Orton_2020 (version 40),Gr_Orton_2024_FFU_MU_Baseflow_RTC_GIM_5ha,Model Updates_Phase 2 596791 - Thursby_M_E_1992-2025,,01/12/2024 17:53,,01/12/2024 22:39,122.5,11.24,,01/12/2024 21:48,30.09,,,,,-19870
DS flow,l/s,Storm Tank 0201.2,0.1,0,Great_Orton_2020 (version 40),Gr_Orton_2024_FFU_MU_Baseflow_RTC_GIM_5ha,Model Updates_Phase 2 596791 - Thursby_M_E_1992-2025,,02/12/2024 07:08,,02/12/2024 22:09,207.6,2.48,,02/12/2024 07:20,7.78,,,,,-19870
DS flow,l/s,Storm Tank 0201.2,0.1,0,Great_Orton_2020 (version 40),Gr_Orton_2024_FFU_MU_Baseflow_RTC_GIM_5ha,Model Updates_Phase 2 596791 - Thursby_M_E_1992-2025,,03/12/2024 20:43,,03/12/2024 22:11,65.8,1.09,,03/12/2024 21:54,1.61,,,,,-19870
DS flow,l/s,Storm Tank 0201.2,0.1,0,Great_Orton_2020 (version 40),Gr_Orton_2024_FFU_MU_Baseflow_RTC_GIM_5ha,Model Updates_Phase 2 596791 - Thursby_M_E_1992-2025,,04/12/2024 08:42,,04/12/2024 21:49,129.3,2.8,,04/12/2024 19:53,4.43,,,,,-19870
DS flow,l/s,Storm Tank 0201.2,0.1,0,Great_Orton_2020 (version 40),Gr_Orton_2024_FFU_MU_Baseflow_RTC_GIM_5ha,Model Updates_Phase 2 596791 - Thursby_M_E_1992-2025,,05/12/2024 14:24,,05/12/2024 21:25,326.7,15.91,,05/12/2024 16:06,88.44,,,,,-19870
DS flow,l/s,Storm Tank 0201.2,0.1,0,Great_Orton_2020 (version 40),Gr_Orton_2024_FFU_MU_Baseflow_RTC_GIM_5ha,Model Updates_Phase 2 596791 - Thursby_M_E_1992-2025,,06/12/2024 06:32,,07/12/2024 05:53,1047,3.87,,06/12/2024 18:10,32.71,,,,,-19870
DS flow,l/s,Storm Tank 0201.2,0.1,0,Great_Orton_2020 (version 40),Gr_Orton_2024_FFU_MU_Baseflow_RTC_GIM_5ha,Model Updates_Phase 2 596791 - Thursby_M_E_1992-2025,,07/12/2024 05:53,,07/12/2024 13:09,436.4,3.07,,07/12/2024 07:23,16.22,,,,,-19870
DS flow,l/s,Storm Tank 0201.2,0.1,0,Great_Orton_2020 (version 40),Gr_Orton_2024_FFU_MU_Baseflow_RTC_GIM_5ha,Model Updates_Phase 2 596791 - Thursby_M_E_1992-2025,,08/12/2024 08:34,,08/12/2024 21:44,152.3,1.03,,08/12/2024 21:23,2.2,,,,,-19870
DS flow,l/s,Storm Tank 0201.2,0.1,0,Great_Orton_2020 (version 40),Gr_Orton_2024_FFU_MU_Baseflow_RTC_GIM_5ha,Model Updates_Phase 2 596791 - Thursby_M_E_1992-2025,,09/12/2024 08:13,,09/12/2024 08:28,14.9,0.11,,09/12/2024 08:20,0.09,,,,,-19870
DS flow,l/s,Storm Tank 0201.2,0.1,0,Great_Orton_2020 (version 40),Gr_Orton_2024_FFU_MU_Baseflow_RTC_GIM_5ha,Model Updates_Phase 2 596791 - Thursby_M_E_1992-2025,,21/12/2024 12:27,,22/12/2024 00:27,155.2,2.71,,21/12/2024 23:59,9.58,,,,,-19870
DS flow,l/s,Storm Tank 0201.2,0.1,0,Great_Orton_2020 (version 40),Gr_Orton_2024_FFU_MU_Baseflow_RTC_GIM_5ha,Model Updates_Phase 2 596791 - Thursby_M_E_1992-2025,,27/12/2023 19:46,,28/12/2023 16:05,552.9,6.35,,28/12/2023 01:13,41.66,,,,,-19870
DS flow,l/s,Storm Tank 0201.2,0.1,0,Great_Orton_2020 (version 40),Gr_Orton_2024_FFU_MU_Baseflow_RTC_GIM_5ha,Model Updates_Phase 2 596791 - Thursby_M_E_1992-2025,,22/12/2024 00:27,,22/12/2024 10:46,228.9,4.91,,22/12/2024 05:41,8.64,,,,,-19870
DS flow,l/s,Storm Tank 0201.2,0.1,0,Great_Orton_2020 (version 40),Gr_Orton_2024_FFU_MU_Baseflow_RTC_GIM_5ha,Model Updates_Phase 2 596791 - Thursby_M_E_1992-2025,,23/12/2024 07:48,,23/12/2024 15:13,248.8,1.5,,23/12/2024 11:12,5.75,,,,,-19870
DS flow,l/s,Storm Tank 0201.2,0.1,0,Great_Orton_2020 (version 40),Gr_Orton_2024_FFU_MU_Baseflow_RTC_GIM_5ha,Model Updates_Phase 2 596791 - Thursby_M_E_1992-2025,,31/12/2024 09:35,,31/12/2024 21:35,633.2,17.82,,31/12/2024 21:19,161.64,,,,,-19870
DS flow,l/s,Storm Tank 0201.2,0.1,0,Great_Orton_2020 (version 40),Gr_Orton_2024_FFU_MU_Baseflow_RTC_GIM_5ha,Model Updates_Phase 2 596791 - Thursby_M_E_1992-2025,,31/12/2024 21:35,,01/01/2025,144.3,16.28,,31/12/2024 21:35,51.24,,,,,-19870
DS flow,l/s,Storm Tank 0201.2,0.1,0,Great_Orton_2020 (version 40),Gr_Orton_2024_FFU_MU_Baseflow_RTC_GIM_5ha,Model Updates_Phase 2 596791 - Thursby_M_E_1992-2025,,28/12/2023 19:03,,29/12/2023 18:06,686.5,11.15,,29/12/2023 16:16,59.32,,,,,-19870
DS flow,l/s,Storm Tank 0201.2,0.1,0,Great_Orton_2020 (version 40),Gr_Orton_2024_FFU_MU_Baseflow_RTC_GIM_5ha,Model Updates_Phase 2 596791 - Thursby_M_E_1992-2025,,29/12/2023 18:06,,30/12/2023 18:06,1049.6,3.3,,29/12/2023 18:09,36.24,,,,,-19870
DS flow,l/s,Storm Tank 0201.2,0.1,0,Great_Orton_2020 (version 40),Gr_Orton_2024_FFU_MU_Baseflow_RTC_GIM_5ha,Model Updates_Phase 2 596791 - Thursby_M_E_1992-2025,,30/12/2023 18:06,,31/12/2023 18:00,398.2,3.98,,30/12/2023 18:40,14.39,,,,,-19870
DS flow,l/s,Storm Tank 0201.2,0.1,0,Great_Orton_2020 (version 40),Gr_Orton_2024_FFU_MU_Baseflow_RTC_GIM_5ha,Model Updates_Phase 2 596791 - Thursby_M_E_1992-2025,,01/01/2024 02:54,,01/01/2024 05:19,124.9,2.79,,01/01/2024 03:21,7.68,,,,,-19870
DS flow,l/s,Storm Tank 0201.2,0.1,0,Great_Orton_2020 (version 40),Gr_Orton_2024_FFU_MU_Baseflow_RTC_GIM_5ha,Model Updates_Phase 2 596791 - Thursby_M_E_1992-2025,,01/01/2024 19:40,,02/01/2024 18:06,957.3,7.81,,01/01/2024 23:38,73.37,,,,,-19870
DS flow,l/s,Storm Tank 0201.2,0.1,0,Great_Orton_2020 (version 40),Gr_Orton_2024_FFU_MU_Baseflow_RTC_GIM_5ha,Model Updates_Phase 2 596791 - Thursby_M_E_1992-2025,,02/01/2024 18:06,,03/01/2024 18:06,1440,13.33,,02/01/2024 20:40,212.83,,,,,-19870
DS flow,l/s,Storm Tank 0201.2,0.1,0,Great_Orton_2020 (version 40),Gr_Orton_2024_FFU_MU_Baseflow_RTC_GIM_5ha,Model Updates_Phase 2 596791 - Thursby_M_E_1992-2025,,03/01/2024 18:06,,04/01/2024 18:06,1440,2.27,,04/01/2024 08:16,113.79,,,,,-19870
DS flow,l/s,Storm Tank 0201.2,0.1,0,Great_Orton_2020 (version 40),Gr_Orton_2024_FFU_MU_Baseflow_RTC_GIM_5ha,Model Updates_Phase 2 596791 - Thursby_M_E_1992-2025,,12/12/2023 10:02,,12/12/2023 11:52,64.9,1.92,,12/12/2023 10:27,2.8,,,,,-19870
DS flow,l/s,Storm Tank 0201.2,0.1,0,Great_Orton_2020 (version 40),Gr_Orton_2024_FFU_MU_Baseflow_RTC_GIM_5ha,Model Updates_Phase 2 596791 - Thursby_M_E_1992-2025,,04/01/2024 18:06,,05/01/2024 18:06,1440,1.73,,04/01/2024 18:37,55.89,,,,,-19870
DS flow,l/s,Storm Tank 0201.2,0.1,0,Great_Orton_2020 (version 40),Gr_Orton_2024_FFU_MU_Baseflow_RTC_GIM_5ha,Model Updates_Phase 2 596791 - Thursby_M_E_1992-2025,,05/01/2024 18:06,,06/01/2024 11:32,585.7,0.57,,05/01/2024 19:15,11.96,,,,,-19870
DS flow,l/s,Storm Tank 0201.2,0.1,0,Great_Orton_2020 (version 40),Gr_Orton_2024_FFU_MU_Baseflow_RTC_GIM_5ha,Model Updates_Phase 2 596791 - Thursby_M_E_1992-2025,,20/01/2024 08:48,,20/01/2024 20:48,139,2.83,,20/01/2024 09:10,6.67,,,,,-19870
DS flow,l/s,Storm Tank 0201.2,0.1,0,Great_Orton_2020 (version 40),Gr_Orton_2024_FFU_MU_Baseflow_RTC_GIM_5ha,Model Updates_Phase 2 596791 - Thursby_M_E_1992-2025,,20/01/2024 20:48,,21/01/2024 20:48,1045.6,9.98,,21/01/2024 20:37,110.75,,,,,-19870
DS flow,l/s,Storm Tank 0201.2,0.1,0,Great_Orton_2020 (version 40),Gr_Orton_2024_FFU_MU_Baseflow_RTC_GIM_5ha,Model Updates_Phase 2 596791 - Thursby_M_E_1992-2025,,21/01/2024 20:48,,22/01/2024 20:48,1440,6.18,,21/01/2024 20:48,58.96,,,,,-19870
DS flow,l/s,Storm Tank 0201.2,0.1,0,Great_Orton_2020 (version 40),Gr_Orton_2024_FFU_MU_Baseflow_RTC_GIM_5ha,Model Updates_Phase 2 596791 - Thursby_M_E_1992-2025,,22/01/2024 20:48,,23/01/2024 20:48,1132.8,5.01,,23/01/2024 10:58,85.14,,,,,-19870
DS flow,l/s,Storm Tank 0201.2,0.1,0,Great_Orton_2020 (version 40),Gr_Orton_2024_FFU_MU_Baseflow_RTC_GIM_5ha,Model Updates_Phase 2 596791 - Thursby_M_E_1992-2025,,23/01/2024 20:48,,24/01/2024 20:37,1022.2,0.74,,23/01/2024 22:16,18.68,,,,,-19870
DS flow,l/s,Storm Tank 0201.2,0.1,0,Great_Orton_2020 (version 40),Gr_Orton_2024_FFU_MU_Baseflow_RTC_GIM_5ha,Model Updates_Phase 2 596791 - Thursby_M_E_1992-2025,,25/01/2024 07:08,,25/01/2024 19:27,261.1,0.4,,25/01/2024 07:23,3.62,,,,,-19870
DS flow,l/s,Storm Tank 0201.2,0.1,0,Great_Orton_2020 (version 40),Gr_Orton_2024_FFU_MU_Baseflow_RTC_GIM_5ha,Model Updates_Phase 2 596791 - Thursby_M_E_1992-2025,,26/01/2024 00:59,,26/01/2024 09:50,277,7.73,,26/01/2024 02:00,13.91,,,,,-19870
DS flow,l/s,Storm Tank 0201.2,0.1,0,Great_Orton_2020 (version 40),Gr_Orton_2024_FFU_MU_Baseflow_RTC_GIM_5ha,Model Updates_Phase 2 596791 - Thursby_M_E_1992-2025,,27/01/2024 09:15,,27/01/2024 09:25,10,0.1,,27/01/2024 09:20,0.06,,,,,-19870
DS flow,l/s,Storm Tank 0201.2,0.1,0,Great_Orton_2020 (version 40),Gr_Orton_2024_FFU_MU_Baseflow_RTC_GIM_5ha,Model Updates_Phase 2 596791 - Thursby_M_E_1992-2025,,17/12/2023 18:56,,17/12/2023 21:55,106,1.66,,17/12/2023 18:57,4.34,,,,,-19870
DS flow,l/s,Storm Tank 0201.2,0.1,0,Great_Orton_2020 (version 40),Gr_Orton_2024_FFU_MU_Baseflow_RTC_GIM_5ha,Model Updates_Phase 2 596791 - Thursby_M_E_1992-2025,,29/01/2024 11:13,,29/01/2024 23:13,720,7.11,,29/01/2024 22:50,149.85,,,,,-19870
DS flow,l/s,Storm Tank 0201.2,0.1,0,Great_Orton_2020 (version 40),Gr_Orton_2024_FFU_MU_Baseflow_RTC_GIM_5ha,Model Updates_Phase 2 596791 - Thursby_M_E_1992-2025,,29/01/2024 23:13,,30/01/2024 23:13,1440,10.49,,30/01/2024 01:51,213.07,,,,,-19870
DS flow,l/s,Storm Tank 0201.2,0.1,0,Great_Orton_2020 (version 40),Gr_Orton_2024_FFU_MU_Baseflow_RTC_GIM_5ha,Model Updates_Phase 2 596791 - Thursby_M_E_1992-2025,,30/01/2024 23:13,,31/01/2024 23:13,1440,6.44,,31/01/2024 14:36,155.07,,,,,-19870
DS flow,l/s,Storm Tank 0201.2,0.1,0,Great_Orton_2020 (version 40),Gr_Orton_2024_FFU_MU_Baseflow_RTC_GIM_5ha,Model Updates_Phase 2 596791 - Thursby_M_E_1992-2025,,31/01/2024 23:13,,01/02/2024 23:13,1440,1.11,,01/02/2024 08:18,50.59,,,,,-19870
DS flow,l/s,Storm Tank 0201.2,0.1,0,Great_Orton_2020 (version 40),Gr_Orton_2024_FFU_MU_Baseflow_RTC_GIM_5ha,Model Updates_Phase 2 596791 - Thursby_M_E_1992-2025,,01/02/2024 23:13,,02/02/2024 20:59,889.4,0.63,,02/02/2024 08:19,14.99,,,,,-19870
DS flow,l/s,Storm Tank 0201.2,0.1,0,Great_Orton_2020 (version 40),Gr_Orton_2024_FFU_MU_Baseflow_RTC_GIM_5ha,Model Updates_Phase 2 596791 - Thursby_M_E_1992-2025,,03/02/2024 05:23,,03/02/2024 05:30,7.2,0.16,,03/02/2024 05:27,0.06,,,,,-19870
DS flow,l/s,Storm Tank 0201.2,0.1,0,Great_Orton_2020 (version 40),Gr_Orton_2024_FFU_MU_Baseflow_RTC_GIM_5ha,Model Updates_Phase 2 596791 - Thursby_M_E_1992-2025,,10/02/2024 00:56,,10/02/2024 01:09,13.1,1.17,,10/02/2024 00:56,0.43,,,,,-19870
DS flow,l/s,Storm Tank 0201.2,0.1,0,Great_Orton_2020 (version 40),Gr_Orton_2024_FFU_MU_Baseflow_RTC_GIM_5ha,Model Updates_Phase 2 596791 - Thursby_M_E_1992-2025,,15/02/2024 01:57,,15/02/2024 13:57,395,4.38,,15/02/2024 07:08,44.3,,,,,-19870
DS flow,l/s,Storm Tank 0201.2,0.1,0,Great_Orton_2020 (version 40),Gr_Orton_2024_FFU_MU_Baseflow_RTC_GIM_5ha,Model Updates_Phase 2 596791 - Thursby_M_E_1992-2025,,15/02/2024 13:57,,16/02/2024 10:41,447.9,1.79,,16/02/2024 09:50,11.6,,,,,-19870
DS flow,l/s,Storm Tank 0201.2,0.1,0,Great_Orton_2020 (version 40),Gr_Orton_2024_FFU_MU_Baseflow_RTC_GIM_5ha,Model Updates_Phase 2 596791 - Thursby_M_E_1992-2025,,17/02/2024 15:41,,18/02/2024 01:07,243.8,4.45,,17/02/2024 16:06,21.97,,,,,-19870
DS flow,l/s,Storm Tank 0201.2,0.1,0,Great_Orton_2020 (version 40),Gr_Orton_2024_FFU_MU_Baseflow_RTC_GIM_5ha,Model Updates_Phase 2 596791 - Thursby_M_E_1992-2025,,18/12/2023 12:12,,18/12/2023 14:31,119,2.28,,18/12/2023 14:01,6.99,,,,,-19870
DS flow,l/s,Storm Tank 0201.2,0.1,0,Great_Orton_2020 (version 40),Gr_Orton_2024_FFU_MU_Baseflow_RTC_GIM_5ha,Model Updates_Phase 2 596791 - Thursby_M_E_1992-2025,,19/02/2024 03:41,,19/02/2024 05:01,62,1.09,,19/02/2024 04:48,2.45,,,,,-19870
DS flow,l/s,Storm Tank 0201.2,0.1,0,Great_Orton_2020 (version 40),Gr_Orton_2024_FFU_MU_Baseflow_RTC_GIM_5ha,Model Updates_Phase 2 596791 - Thursby_M_E_1992-2025,,20/02/2024 14:52,,20/02/2024 15:17,25.3,0.3,,20/02/2024 15:00,0.37,,,,,-19870
DS flow,l/s,Storm Tank 0201.2,0.1,0,Great_Orton_2020 (version 40),Gr_Orton_2024_FFU_MU_Baseflow_RTC_GIM_5ha,Model Updates_Phase 2 596791 - Thursby_M_E_1992-2025,,20/02/2024 15:52,,21/02/2024 11:03,174.5,1.66,,21/02/2024 09:52,7.99,,,,,-19870
DS flow,l/s,Storm Tank 0201.2,0.1,0,Great_Orton_2020 (version 40),Gr_Orton_2024_FFU_MU_Baseflow_RTC_GIM_5ha,Model Updates_Phase 2 596791 - Thursby_M_E_1992-2025,,22/02/2024 03:30,,22/02/2024 04:41,70.5,4.2,,22/02/2024 04:06,9.18,,,,,-19870
DS flow,l/s,Storm Tank 0201.2,0.1,0,Great_Orton_2020 (version 40),Gr_Orton_2024_FFU_MU_Baseflow_RTC_GIM_5ha,Model Updates_Phase 2 596791 - Thursby_M_E_1992-2025,,22/02/2024 23:04,,23/02/2024 01:57,90.2,5.72,,22/02/2024 23:19,12.58,,,,,-19870
DS flow,l/s,Storm Tank 0201.2,0.1,0,Great_Orton_2020 (version 40),Gr_Orton_2024_FFU_MU_Baseflow_RTC_GIM_5ha,Model Updates_Phase 2 596791 - Thursby_M_E_1992-2025,,24/02/2024 08:29,,24/02/2024 08:57,27.7,0.92,,24/02/2024 08:38,0.97,,,,,-19870
DS flow,l/s,Storm Tank 0201.2,0.1,0,Great_Orton_2020 (version 40),Gr_Orton_2024_FFU_MU_Baseflow_RTC_GIM_5ha,Model Updates_Phase 2 596791 - Thursby_M_E_1992-2025,,28/02/2024 21:17,,28/02/2024 22:46,48.3,2.67,,28/02/2024 21:20,2.81,,,,,-19870
DS flow,l/s,Storm Tank 0201.2,0.1,0,Great_Orton_2020 (version 40),Gr_Orton_2024_FFU_MU_Baseflow_RTC_GIM_5ha,Model Updates_Phase 2 596791 - Thursby_M_E_1992-2025,,01/03/2024 00:12,,01/03/2024 02:10,98.9,1.64,,01/03/2024 00:20,3.21,,,,,-19870
DS flow,l/s,Storm Tank 0201.2,0.1,0,Great_Orton_2020 (version 40),Gr_Orton_2024_FFU_MU_Baseflow_RTC_GIM_5ha,Model Updates_Phase 2 596791 - Thursby_M_E_1992-2025,,01/03/2024 17:42,,02/03/2024 00:00,353.3,3.63,,01/03/2024 19:59,39.02,,,,,-19870
DS flow,l/s,Storm Tank 0201.2,0.1,0,Great_Orton_2020 (version 40),Gr_Orton_2024_FFU_MU_Baseflow_RTC_GIM_5ha,Model Updates_Phase 2 596791 - Thursby_M_E_1992-2025,,02/03/2024 15:18,,03/03/2024 09:17,273.4,12.75,,02/03/2024 19:14,63.2,,,,,-19870
DS flow,l/s,Storm Tank 0201.2,0.1,0,Great_Orton_2020 (version 40),Gr_Orton_2024_FFU_MU_Baseflow_RTC_GIM_5ha,Model Updates_Phase 2 596791 - Thursby_M_E_1992-2025,,20/12/2023 05:06,,20/12/2023 05:09,3,0.15,,20/12/2023 05:08,0.02,,,,,-19870
DS flow,l/s,Storm Tank 0201.2,0.1,0,Great_Orton_2020 (version 40),Gr_Orton_2024_FFU_MU_Baseflow_RTC_GIM_5ha,Model Updates_Phase 2 596791 - Thursby_M_E_1992-2025,,03/03/2024 09:17,,03/03/2024 09:40,23.2,0.13,,03/03/2024 09:20,0.16,,,,,-19870
DS flow,l/s,Storm Tank 0201.2,0.1,0,Great_Orton_2020 (version 40),Gr_Orton_2024_FFU_MU_Baseflow_RTC_GIM_5ha,Model Updates_Phase 2 596791 - Thursby_M_E_1992-2025,,13/03/2024 17:03,,14/03/2024 05:03,176.3,3.31,,14/03/2024 04:49,17.31,,,,,-19870
DS flow,l/s,Storm Tank 0201.2,0.1,0,Great_Orton_2020 (version 40),Gr_Orton_2024_FFU_MU_Baseflow_RTC_GIM_5ha,Model Updates_Phase 2 596791 - Thursby_M_E_1992-2025,,14/03/2024 05:03,,15/03/2024 02:23,1116.7,8.45,,14/03/2024 06:56,83.99,,,,,-19870
DS flow,l/s,Storm Tank 0201.2,0.1,0,Great_Orton_2020 (version 40),Gr_Orton_2024_FFU_MU_Baseflow_RTC_GIM_5ha,Model Updates_Phase 2 596791 - Thursby_M_E_1992-2025,,15/03/2024 05:28,,15/03/2024 21:16,460.2,12.42,,15/03/2024 15:22,41.16,,,,,-19870
DS flow,l/s,Storm Tank 0201.2,0.1,0,Great_Orton_2020 (version 40),Gr_Orton_2024_FFU_MU_Baseflow_RTC_GIM_5ha,Model Updates_Phase 2 596791 - Thursby_M_E_1992-2025,,16/03/2024 20:27,,16/03/2024 21:55,87.7,1.62,,16/03/2024 20:45,3.17,,,,,-19870
DS flow,l/s,Storm Tank 0201.2,0.1,0,Great_Orton_2020 (version 40),Gr_Orton_2024_FFU_MU_Baseflow_RTC_GIM_5ha,Model Updates_Phase 2 596791 - Thursby_M_E_1992-2025,,27/03/2024 02:49,,27/03/2024 14:27,215.8,3.13,,27/03/2024 02:53,17.72,,,,,-19870
DS flow,l/s,Storm Tank 0201.2,0.1,0,Great_Orton_2020 (version 40),Gr_Orton_2024_FFU_MU_Baseflow_RTC_GIM_5ha,Model Updates_Phase 2 596791 - Thursby_M_E_1992-2025,,27/03/2024 18:33,,27/03/2024 19:36,49.7,1.27,,27/03/2024 19:18,1.8,,,,,-19870
DS flow,l/s,Storm Tank 0201.2,0.1,0,Great_Orton_2020 (version 40),Gr_Orton_2024_FFU_MU_Baseflow_RTC_GIM_5ha,Model Updates_Phase 2 596791 - Thursby_M_E_1992-2025,,28/03/2024 20:01,,28/03/2024 22:35,132.8,1.83,,28/03/2024 21:07,7.2,,,,,-19870
DS flow,l/s,Storm Tank 0201.2,0.1,0,Great_Orton_2020 (version 40),Gr_Orton_2024_FFU_MU_Baseflow_RTC_GIM_5ha,Model Updates_Phase 2 596791 - Thursby_M_E_1992-2025,,04/04/2024 22:59,,05/04/2024 10:57,683.6,7.18,,05/04/2024 06:27,58.35,,,,,-19870
DS flow,l/s,Storm Tank 0201.2,0.1,0,Great_Orton_2020 (version 40),Gr_Orton_2024_FFU_MU_Baseflow_RTC_GIM_5ha,Model Updates_Phase 2 596791 - Thursby_M_E_1992-2025,,06/04/2024 00:05,,06/04/2024 03:36,132.8,3.02,,06/04/2024 02:53,10.74,,,,,-19870
DS flow,l/s,Storm Tank 0201.2,0.1,0,Great_Orton_2020 (version 40),Gr_Orton_2024_FFU_MU_Baseflow_RTC_GIM_5ha,Model Updates_Phase 2 596791 - Thursby_M_E_1992-2025,,20/12/2023 09:05,,20/12/2023 13:59,82.2,0.58,,20/12/2023 09:12,1.41,,,,,-19870
DS flow,l/s,Storm Tank 0201.2,0.1,0,Great_Orton_2020 (version 40),Gr_Orton_2024_FFU_MU_Baseflow_RTC_GIM_5ha,Model Updates_Phase 2 596791 - Thursby_M_E_1992-2025,,07/04/2024 05:09,,07/04/2024 05:28,19.3,0.67,,07/04/2024 05:19,0.51,,,,,-19870
DS flow,l/s,Storm Tank 0201.2,0.1,0,Great_Orton_2020 (version 40),Gr_Orton_2024_FFU_MU_Baseflow_RTC_GIM_5ha,Model Updates_Phase 2 596791 - Thursby_M_E_1992-2025,,08/04/2024 20:17,,09/04/2024 08:17,677.7,11.62,,09/04/2024 01:47,152.5,,,,,-19870
DS flow,l/s,Storm Tank 0201.2,0.1,0,Great_Orton_2020 (version 40),Gr_Orton_2024_FFU_MU_Baseflow_RTC_GIM_5ha,Model Updates_Phase 2 596791 - Thursby_M_E_1992-2025,,09/04/2024 08:17,,10/04/2024 08:17,1440,11.29,,09/04/2024 11:24,262.69,,,,,-19870
DS flow,l/s,Storm Tank 0201.2,0.1,0,Great_Orton_2020 (version 40),Gr_Orton_2024_FFU_MU_Baseflow_RTC_GIM_5ha,Model Updates_Phase 2 596791 - Thursby_M_E_1992-2025,,10/04/2024 08:17,,11/04/2024 08:17,1068,5.19,,10/04/2024 20:34,62.6,,,,,-19870
DS flow,l/s,Storm Tank 0201.2,0.1,0,Great_Orton_2020 (version 40),Gr_Orton_2024_FFU_MU_Baseflow_RTC_GIM_5ha,Model Updates_Phase 2 596791 - Thursby_M_E_1992-2025,,11/04/2024 08:17,,12/04/2024 08:17,384.3,3,,11/04/2024 19:46,15.81,,,,,-19870
DS flow,l/s,Storm Tank 0201.2,0.1,0,Great_Orton_2020 (version 40),Gr_Orton_2024_FFU_MU_Baseflow_RTC_GIM_5ha,Model Updates_Phase 2 596791 - Thursby_M_E_1992-2025,,12/04/2024 08:17,,12/04/2024 23:11,76,2.01,,12/04/2024 22:41,2.39,,,,,-19870
DS flow,l/s,Storm Tank 0201.2,0.1,0,Great_Orton_2020 (version 40),Gr_Orton_2024_FFU_MU_Baseflow_RTC_GIM_5ha,Model Updates_Phase 2 596791 - Thursby_M_E_1992-2025,,13/04/2024 14:09,,13/04/2024 14:17,8.9,0.34,,13/04/2024 14:13,0.13,,,,,-19870
DS flow,l/s,Storm Tank 0201.2,0.1,0,Great_Orton_2020 (version 40),Gr_Orton_2024_FFU_MU_Baseflow_RTC_GIM_5ha,Model Updates_Phase 2 596791 - Thursby_M_E_1992-2025,,15/04/2024 06:45,,15/04/2024 07:30,45.3,4.79,,15/04/2024 06:51,5.57,,,,,-19870
DS flow,l/s,Storm Tank 0201.2,0.1,0,Great_Orton_2020 (version 40),Gr_Orton_2024_FFU_MU_Baseflow_RTC_GIM_5ha,Model Updates_Phase 2 596791 - Thursby_M_E_1992-2025,,15/04/2024 10:10,,15/04/2024 10:32,21.4,0.96,,15/04/2024 10:16,0.58,,,,,-19870
DS flow,l/s,Storm Tank 0201.2,0.1,0,Great_Orton_2020 (version 40),Gr_Orton_2024_FFU_MU_Baseflow_RTC_GIM_5ha,Model Updates_Phase 2 596791 - Thursby_M_E_1992-2025,,16/04/2024 16:05,,16/04/2024 16:46,40.7,6.29,,16/04/2024 16:12,7.66,,,,,-19870
DS flow,l/s,Storm Tank 0201.2,0.1,0,Great_Orton_2020 (version 40),Gr_Orton_2024_FFU_MU_Baseflow_RTC_GIM_5ha,Model Updates_Phase 2 596791 - Thursby_M_E_1992-2025,,22/12/2023 03:16,,22/12/2023 03:31,15.7,1.53,,22/12/2023 03:17,0.82,,,,,-19870
DS flow,l/s,Storm Tank 0201.2,0.1,0,Great_Orton_2020 (version 40),Gr_Orton_2024_FFU_MU_Baseflow_RTC_GIM_5ha,Model Updates_Phase 2 596791 - Thursby_M_E_1992-2025,,12/05/2024 19:42,,12/05/2024 19:50,8.1,1.26,,12/05/2024 19:43,0.32,,,,,-19870
DS flow,l/s,Storm Tank 0201.2,0.1,0,Great_Orton_2020 (version 40),Gr_Orton_2024_FFU_MU_Baseflow_RTC_GIM_5ha,Model Updates_Phase 2 596791 - Thursby_M_E_1992-2025,,22/05/2024 13:38,,23/05/2024 01:38,720,23.16,,23/05/2024 01:38,588.27,,,,,-19870
DS flow,l/s,Storm Tank 0201.2,0.1,0,Great_Orton_2020 (version 40),Gr_Orton_2024_FFU_MU_Baseflow_RTC_GIM_5ha,Model Updates_Phase 2 596791 - Thursby_M_E_1992-2025,,23/05/2024 01:38,,24/05/2024 01:38,1440,27.83,,23/05/2024 22:12,2366.52,,,,,-19870
DS flow,l/s,Storm Tank 0201.2,0.1,0,Great_Orton_2020 (version 40),Gr_Orton_2024_FFU_MU_Baseflow_RTC_GIM_5ha,Model Updates_Phase 2 596791 - Thursby_M_E_1992-2025,,24/05/2024 01:38,,25/05/2024 01:38,1440,27.59,,24/05/2024 01:38,1868.31,,,,,-19870
DS flow,l/s,Storm Tank 0201.2,0.1,0,Great_Orton_2020 (version 40),Gr_Orton_2024_FFU_MU_Baseflow_RTC_GIM_5ha,Model Updates_Phase 2 596791 - Thursby_M_E_1992-2025,,25/05/2024 01:38,,26/05/2024 01:38,1440,14.41,,25/05/2024 01:38,948.58,,,,,-19870
DS flow,l/s,Storm Tank 0201.2,0.1,0,Great_Orton_2020 (version 40),Gr_Orton_2024_FFU_MU_Baseflow_RTC_GIM_5ha,Model Updates_Phase 2 596791 - Thursby_M_E_1992-2025,,26/05/2024 01:38,,27/05/2024 01:38,1440,21.7,,26/05/2024 19:03,663.37,,,,,-19870
DS flow,l/s,Storm Tank 0201.2,0.1,0,Great_Orton_2020 (version 40),Gr_Orton_2024_FFU_MU_Baseflow_RTC_GIM_5ha,Model Updates_Phase 2 596791 - Thursby_M_E_1992-2025,,27/05/2024 01:38,,28/05/2024 01:38,1440,7.08,,27/05/2024 08:13,376.33,,,,,-19870
DS flow,l/s,Storm Tank 0201.2,0.1,0,Great_Orton_2020 (version 40),Gr_Orton_2024_FFU_MU_Baseflow_RTC_GIM_5ha,Model Updates_Phase 2 596791 - Thursby_M_E_1992-2025,,28/05/2024 01:38,,29/05/2024 01:38,1440,4.16,,28/05/2024 12:45,225.44,,,,,-19870
DS flow,l/s,Storm Tank 0201.2,0.1,0,Great_Orton_2020 (version 40),Gr_Orton_2024_FFU_MU_Baseflow_RTC_GIM_5ha,Model Updates_Phase 2 596791 - Thursby_M_E_1992-2025,,29/05/2024 01:38,,30/05/2024 00:52,1394.7,1.34,,29/05/2024 08:21,63.58,,,,,-19870
DS flow,l/s,Storm Tank 0201.2,0.1,0,Great_Orton_2020 (version 40),Gr_Orton_2024_FFU_MU_Baseflow_RTC_GIM_5ha,Model Updates_Phase 2 596791 - Thursby_M_E_1992-2025,,30/05/2024 02:41,,30/05/2024 21:05,1105,3.83,,30/05/2024 04:11,55.97,,,,,-19870
DS flow,l/s,Storm Tank 0201.2,0.1,0,Great_Orton_2020 (version 40),Gr_Orton_2024_FFU_MU_Baseflow_RTC_GIM_5ha,Model Updates_Phase 2 596791 - Thursby_M_E_1992-2025,,22/12/2023 10:25,,23/12/2023 05:29,259.2,10.46,,22/12/2023 10:28,23.12,,,,,-19870
DS flow,l/s,Storm Tank 0201.2,0.1,0,Great_Orton_2020 (version 40),Gr_Orton_2024_FFU_MU_Baseflow_RTC_GIM_5ha,Model Updates_Phase 2 596791 - Thursby_M_E_1992-2025,,17/06/2024 02:52,,17/06/2024 04:13,81.9,7.6,,17/06/2024 03:00,12.27,,,,,-19870
DS flow,l/s,Storm Tank 0201.2,0.1,0,Great_Orton_2020 (version 40),Gr_Orton_2024_FFU_MU_Baseflow_RTC_GIM_5ha,Model Updates_Phase 2 596791 - Thursby_M_E_1992-2025,,16/07/2024 13:15,,16/07/2024 13:38,23.8,2.12,,16/07/2024 13:17,1.39,,,,,-19870
DS flow,l/s,Storm Tank 0201.2,0.1,0,Great_Orton_2020 (version 40),Gr_Orton_2024_FFU_MU_Baseflow_RTC_GIM_5ha,Model Updates_Phase 2 596791 - Thursby_M_E_1992-2025,,15/08/2024 08:22,,15/08/2024 13:46,223.7,8.9,,15/08/2024 13:08,39.68,,,,,-19870
DS flow,l/s,Storm Tank 0201.2,0.1,0,Great_Orton_2020 (version 40),Gr_Orton_2024_FFU_MU_Baseflow_RTC_GIM_5ha,Model Updates_Phase 2 596791 - Thursby_M_E_1992-2025,,23/08/2024 00:57,,23/08/2024 12:57,697.1,16.89,,23/08/2024 05:28,154.14,,,,,-19870
DS flow,l/s,Storm Tank 0201.2,0.1,0,Great_Orton_2020 (version 40),Gr_Orton_2024_FFU_MU_Baseflow_RTC_GIM_5ha,Model Updates_Phase 2 596791 - Thursby_M_E_1992-2025,,23/08/2024 12:57,,24/08/2024 10:01,601.8,1.38,,24/08/2024 06:28,10.53,,,,,-19870
DS flow,l/s,Storm Tank 0201.2,0.1,0,Great_Orton_2020 (version 40),Gr_Orton_2024_FFU_MU_Baseflow_RTC_GIM_5ha,Model Updates_Phase 2 596791 - Thursby_M_E_1992-2025,,24/08/2024 17:49,,25/08/2024 12:57,64.7,1.14,,24/08/2024 17:54,1.8,,,,,-19870
DS flow,l/s,Storm Tank 0201.2,0.1,0,Great_Orton_2020 (version 40),Gr_Orton_2024_FFU_MU_Baseflow_RTC_GIM_5ha,Model Updates_Phase 2 596791 - Thursby_M_E_1992-2025,,25/08/2024 12:57,,26/08/2024 05:06,172.8,4.7,,26/08/2024 04:01,11.71,,,,,-19870
DS flow,l/s,Storm Tank 0201.2,0.1,0,Great_Orton_2020 (version 40),Gr_Orton_2024_FFU_MU_Baseflow_RTC_GIM_5ha,Model Updates_Phase 2 596791 - Thursby_M_E_1992-2025,,27/08/2024 02:41,,27/08/2024 12:57,208.4,3.64,,27/08/2024 10:41,19.65,,,,,-19870
DS flow,l/s,Storm Tank 0201.2,0.1,0,Great_Orton_2020 (version 40),Gr_Orton_2024_FFU_MU_Baseflow_RTC_GIM_5ha,Model Updates_Phase 2 596791 - Thursby_M_E_1992-2025,,27/08/2024 12:57,,28/08/2024 12:49,103.7,1.86,,28/08/2024 11:24,5.97,,,,,-19870
DS flow,l/s,Storm Tank 0201.2,0.1,0,Great_Orton_2020 (version 40),Gr_Orton_2024_FFU_MU_Baseflow_RTC_GIM_5ha,Model Updates_Phase 2 596791 - Thursby_M_E_1992-2025,,28/08/2024 14:49,,29/08/2024 06:14,67.3,2.02,,28/08/2024 14:55,2.98,,,,,-19870
DS flow,l/s,Storm Tank 0201.2,0.1,0,Great_Orton_2020 (version 40),Gr_Orton_2024_FFU_MU_Baseflow_RTC_GIM_5ha,Model Updates_Phase 2 596791 - Thursby_M_E_1992-2025,,23/12/2023 18:48,,23/12/2023 19:19,31.6,0.78,,23/12/2023 18:55,0.95,,,,,-19870
DS flow,l/s,Storm Tank 0201.2,0.1,0,Great_Orton_2020 (version 40),Gr_Orton_2024_FFU_MU_Baseflow_RTC_GIM_5ha,Model Updates_Phase 2 596791 - Thursby_M_E_1992-2025,,29/08/2024 19:07,,29/08/2024 19:41,34.5,9.28,,29/08/2024 19:15,7.75,,,,,-19870
DS flow,l/s,Storm Tank 0201.2,0.1,0,Great_Orton_2020 (version 40),Gr_Orton_2024_FFU_MU_Baseflow_RTC_GIM_5ha,Model Updates_Phase 2 596791 - Thursby_M_E_1992-2025,,02/09/2024 10:43,,02/09/2024 12:43,120.2,15.35,,02/09/2024 11:09,45.18,,,,,-19870
DS flow,l/s,Storm Tank 0201.2,0.1,0,Great_Orton_2020 (version 40),Gr_Orton_2024_FFU_MU_Baseflow_RTC_GIM_5ha,Model Updates_Phase 2 596791 - Thursby_M_E_1992-2025,,03/09/2024 20:16,,03/09/2024 21:39,42.1,4.47,,03/09/2024 20:23,4.5,,,,,-19870
DS flow,l/s,Storm Tank 0201.2,0.1,0,Great_Orton_2020 (version 40),Gr_Orton_2024_FFU_MU_Baseflow_RTC_GIM_5ha,Model Updates_Phase 2 596791 - Thursby_M_E_1992-2025,,25/09/2024 21:27,,26/09/2024 09:02,540.5,3.85,,25/09/2024 23:11,50.65,,,,,-19870
DS flow,l/s,Storm Tank 0201.2,0.1,0,Great_Orton_2020 (version 40),Gr_Orton_2024_FFU_MU_Baseflow_RTC_GIM_5ha,Model Updates_Phase 2 596791 - Thursby_M_E_1992-2025,,26/09/2024 09:47,,26/09/2024 11:39,112,2.59,,26/09/2024 10:00,9.2,,,,,-19870
DS flow,l/s,Storm Tank 0201.2,0.1,0,Great_Orton_2020 (version 40),Gr_Orton_2024_FFU_MU_Baseflow_RTC_GIM_5ha,Model Updates_Phase 2 596791 - Thursby_M_E_1992-2025,,28/09/2024 14:02,,28/09/2024 19:23,56.2,2.43,,28/09/2024 14:07,3.34,,,,,-19870
DS flow,l/s,Storm Tank 0201.2,0.1,0,Great_Orton_2020 (version 40),Gr_Orton_2024_FFU_MU_Baseflow_RTC_GIM_5ha,Model Updates_Phase 2 596791 - Thursby_M_E_1992-2025,,07/10/2024 00:39,,07/10/2024 11:30,136.3,7.75,,07/10/2024 00:42,17.69,,,,,-19870
DS flow,l/s,Storm Tank 0201.2,0.1,0,Great_Orton_2020 (version 40),Gr_Orton_2024_FFU_MU_Baseflow_RTC_GIM_5ha,Model Updates_Phase 2 596791 - Thursby_M_E_1992-2025,,08/10/2024 13:10,,08/10/2024 18:18,153.3,4.34,,08/10/2024 15:07,12.97,,,,,-19870
DS flow,l/s,Storm Tank 0201.2,0.1,0,Great_Orton_2020 (version 40),Gr_Orton_2024_FFU_MU_Baseflow_RTC_GIM_5ha,Model Updates_Phase 2 596791 - Thursby_M_E_1992-2025,,12/10/2024 12:05,,12/10/2024 12:38,33.2,11.02,,12/10/2024 12:07,7.67,,,,,-19870
DS flow,l/s,Storm Tank 0201.2,0.1,0,Great_Orton_2020 (version 40),Gr_Orton_2024_FFU_MU_Baseflow_RTC_GIM_5ha,Model Updates_Phase 2 596791 - Thursby_M_E_1992-2025,,16/10/2024 12:04,,17/10/2024 00:04,493.3,10.28,,16/10/2024 23:47,109.25,,,,,-19870
