Node ID,Ground level (m AD),Max Level (m AD),Return period,Duration,Simulation,Max Flood depth (m),Max Flood volume (m3),Max Volume lost (m3),Max Infiltration loss (l/s),Max Inflow (l/s),Max Direct runoff (l/s),Cumulative inflow (m3),Volume at flood level (m3),Volume at ground level (m3),Max Volume (m3),Volume balance (m3),Volume balance (%)
NODE_898635,54.527,54.37,5,,Synthetic scenario Omega,0,0.0,0.0,0.299,78.722,01/01/1900 00:00,4845.75,2.299,2.299,0.994,6.486,0.13385
NODE_422279,47.003,46.607,5,,Synthetic scenario Omega,0,0.0,0.0,0.439,14.255,02/01/1900 00:00,12906.76,9.813,9.813,8.575,8.366,0.06482
NODE_910942,49.494,48.553,2,,Synthetic scenario Omega,0,0.0,0.0,0.175,41.157,03/01/1900 00:00,10906.445,12.509,12.509,8.147,26.761,0.24537
NODE_213185,33.711,33.271,10,,Synthetic scenario Omega,0,0.0,0.0,0.387,13.483,04/01/1900 00:00,15364.709,3.389,3.389,3.136,32.23,0.20977
NODE_724427,30.494,30.087,10,,Synthetic scenario Omega,0,0.0,0.0,0.301,30.036,05/01/1900 00:00,5170.318,15.852,15.852,9.741,-11.076,-0.21422
NODE_281061,19.363,19.05,5,,Synthetic scenario Omega,0,0.0,0.0,0.454,63.447,06/01/1900 00:00,4813.274,15.481,15.481,14.38,8.512,0.17684
NODE_103970,35.445,35.37,5,,Synthetic scenario Omega,0,0.0,0.0,0.321,93.023,07/01/1900 00:00,10679.673,4.027,4.027,2.087,21.61,0.20235
NODE_881141,38.238,37.533,5,,Synthetic scenario Omega,0,0.0,0.0,0.064,38.815,08/01/1900 00:00,10929.821,7.145,7.145,5.491,27.974,0.25594
NODE_752365,51.297,51.113,2,,Synthetic scenario Omega,0,0.0,0.0,0.344,36.227,09/01/1900 00:00,2049.68,15.032,15.032,9.341,-2.934,-0.14314
NODE_296585,25.034,24.581,10,,Synthetic scenario Omega,0,0.0,0.0,0.39,63.637,10/01/1900 00:00,11387.15,2.441,2.441,1.604,30.158,0.26484
NODE_412307,36.95,36.69,2,,Synthetic scenario Omega,0,0.0,0.0,0.294,43.186,11/01/1900 00:00,14846.498,15.495,15.495,8.216,-15.237,-0.10263
NODE_776142,48.058,47.726,30,,Synthetic scenario Omega,0,0.0,0.0,0.052,34.081,15.302,5057.237,13.744,13.744,9.259,1.472,0.02911
NODE_473599,52.272,51.437,10,,Synthetic scenario Omega,0,0.0,0.0,0.365,37.265,11.889,13165.184,12.005,12.005,5.82,-28.382,-0.21558
NODE_482461,20.728,20.528,5,,Synthetic scenario Omega,0,0.0,0.0,0.299,20.07,11.764,2617.202,4.24,4.24,3.315,7.613,0.29088
NODE_689619,53.759,53.056,30,,Synthetic scenario Omega,0,0.0,0.0,0.053,21.508,13.097,5191.189,8.367,8.367,6.763,10.789,0.20783
NODE_358445,51.404,50.411,2,,Synthetic scenario Omega,0,0.0,0.0,0.304,25.525,10.687,2847.233,9.841,9.841,8.272,6.686,0.23482
NODE_304894,19.082,19.358,10,,Synthetic scenario Omega,0.276,4.106,0.269,0.402,86.271,16.218,7381.848,6.909,6.909,11.015,-13.841,-0.1875
NODE_421031,40.344,40.093,10,,Synthetic scenario Omega,0,0.0,0.0,0.315,97.54,15.071,2183.395,11.654,11.654,6.236,-2.972,-0.13612
NODE_363267,47.699,47.949,30,,Synthetic scenario Omega,0.25,7.331,0.825,0.434,34.401,3.521,11643.742,6.903,6.903,14.234,-23.875,-0.20505
NODE_801839,37.374,36.376,2,,Synthetic scenario Omega,0,0.0,0.0,0.087,45.398,16.684,13991.544,13.81,13.81,11.476,24.104,0.17228
NODE_398712,24.501,23.569,30,,Synthetic scenario Omega,0,0.0,0.0,0.023,64.63,0.793,15926.823,4.561,4.561,3.25,-33.559,-0.21071
NODE_312929,32.348,31.542,5,,Synthetic scenario Omega,0,0.0,0.0,0.376,43.785,2.378,3310.055,7.013,7.013,3.495,4.846,0.1464
NODE_526352,31.297,30.617,5,,Synthetic scenario Omega,0,0.0,0.0,0.379,47.945,3.276,14087.394,2.309,2.309,1.459,30.788,0.21855
NODE_812360,44.04,44.092,5,,Synthetic scenario Omega,0.052,0.742,0.098,0.262,39.738,19.822,11553.344,12.147,12.147,12.889,-30.953,-0.26791
NODE_808412,52.038,51.805,30,,Synthetic scenario Omega,0,0.0,0.0,0.088,96.453,18.494,8374.295,10.048,10.048,7.294,24.595,0.2937
NODE_112763,29.143,29.059,30,,Synthetic scenario Omega,0,0.0,0.0,0.221,64.429,6.017,13018.842,10.866,10.866,6.619,6.394,0.04911
NODE_155611,28.501,27.567,10,,Synthetic scenario Omega,0,0.0,0.0,0.087,91.721,5.173,6214.897,12.353,12.353,11.64,6.651,0.10702
NODE_312053,49.795,49.809,2,,Synthetic scenario Omega,0.014,0.258,0.01,0.419,75.311,14.974,5808.118,14.923,14.923,15.181,-8.005,-0.13782
NODE_672895,33.91,33.675,2,,Synthetic scenario Omega,0,0.0,0.0,0.48,32.453,2.696,2521.845,10.768,10.768,8.989,7.489,0.29697
NODE_224552,53.78,53.818,5,,Synthetic scenario Omega,0.038,1.428,0.073,0.448,61.973,10.536,8935.945,10.126,10.126,11.554,3.323,0.03719
NODE_282996,45.522,45.755,5,,Synthetic scenario Omega,0.233,8.38,0.224,0.209,86.018,9.155,14377.511,12.832,12.832,21.212,15.977,0.11112
NODE_772110,48.422,48.076,2,,Synthetic scenario Omega,0,0.0,0.0,0.377,26.45,0.822,8435.65,5.038,5.038,4.755,1.916,0.02271
NODE_446696,23.047,22.226,5,,Synthetic scenario Omega,0,0.0,0.0,0.427,51.069,15.363,14016.915,14.501,14.501,10.025,-3.658,-0.0261
NODE_349136,34.896,34.065,5,,Synthetic scenario Omega,0,0.0,0.0,0.289,30.224,6.607,10577.699,8.331,8.331,3.8,2.601,0.02459
NODE_763300,49.702,49.218,2,,Synthetic scenario Omega,0,0.0,0.0,0.126,99.615,0.444,4919.62,13.116,13.116,10.888,-6.518,-0.13249
NODE_375286,55.746,55.555,2,,Synthetic scenario Omega,0,0.0,0.0,0.209,64.062,6.469,15547.674,6.923,6.923,3.823,22.543,0.14499
NODE_498575,26.785,26.788,10,,Synthetic scenario Omega,0.003,0.1,0.006,0.289,82.811,14.697,6770.967,10.517,10.517,10.617,-3.751,-0.0554
NODE_114155,44.853,44.697,10,,Synthetic scenario Omega,0,0.0,0.0,0.359,51.228,18.865,14733.118,12.118,12.118,7.133,-22.627,-0.15358
NODE_494474,43.127,42.729,30,,Synthetic scenario Omega,0,0.0,0.0,0.191,36.76,13.637,7927.909,6.735,6.735,3.287,-17.324,-0.21852
NODE_442712,20.358,20.245,30,,Synthetic scenario Omega,0,0.0,0.0,0.33,10.456,8.778,2712.047,8.497,8.497,5.447,4.776,0.1761
NODE_352467,48.713,47.816,30,,Synthetic scenario Omega,0,0.0,0.0,0.222,34.449,4.882,5820.828,11.721,11.721,7.548,12.93,0.22213
NODE_942697,54.997,54.341,5,,Synthetic scenario Omega,0,0.0,0.0,0.026,63.899,9.516,8545.961,2.911,2.911,1.36,-21.158,-0.24758
NODE_824259,52.765,52.595,5,,Synthetic scenario Omega,0,0.0,0.0,0.038,52.697,8.198,3528.894,9.285,9.285,7.875,-6.594,-0.18686
NODE_648555,46.672,46.613,30,,Synthetic scenario Omega,0,0.0,0.0,0.214,98.464,0.185,15872.156,10.959,10.959,4.797,15.056,0.09486
NODE_780545,27.189,27.328,10,,Synthetic scenario Omega,0.139,4.679,0.383,0.464,58.371,12.551,14508.991,9.543,9.543,14.222,19.404,0.13374
NODE_282464,23.619,22.897,30,,Synthetic scenario Omega,0,0.0,0.0,0.237,33.826,1.808,13816.883,5.215,5.215,4.454,-2.527,-0.01829
NODE_878334,47.64,47.93,5,,Synthetic scenario Omega,0.29,2.384,0.316,0.08,71.483,5.188,8143.583,12.524,12.524,14.908,4.977,0.06112
